company,account,year,quarter,value,seasonal_mean,seasonal_std,zscore,robust_z,yoy_diff,qoq_diff,group_n,anomaly,explanation
支社B,交際費,2020,1,10773,14048.666666666666,5866.928867246758,-0.5583273192476724,0.2127272283611415,,,12,False,"季節性平均との差=-3276, Z=-0.56(閾値=2.5), RobustZ=0.21(閾値=3.5), YoY差=nan, QoQ差=nan, 母数n=12。 Fraud: QoQ%=nan% , QoQ%RobustZ=0.12, TrendBreakZ=-0.16, SignFlip=0, FraudScore=0.82(閾値=3.5). 統計的な異常は検出されませんでした。"
支社B,交際費,2020,2,22872,13538.666666666666,8083.404810680542,1.154628965383655,2.7447358224993126,,12099.0,12,True,"季節性平均との差=9333, Z=1.15(閾値=2.5), RobustZ=2.74(閾値=3.5), YoY差=nan, QoQ差=12099, 母数n=12。 Fraud: QoQ%=112.31% , QoQ%RobustZ=1.69, TrendBreakZ=0.37, SignFlip=0, FraudScore=5.75(閾値=3.5). 異常の可能性: Fraud-Grade(急変/破断/反転)"
支社B,交際費,2020,3,5490,5610.333333333333,1808.5049995323025,-0.06653746235949165,-0.8928683913456077,,-17382.0,12,True,"季節性平均との差=-120, Z=-0.07(閾値=2.5), RobustZ=-0.89(閾値=3.5), YoY差=nan, QoQ差=-17382, 母数n=12。 Fraud: QoQ%=-76.00% , QoQ%RobustZ=-0.95, TrendBreakZ=-0.16, SignFlip=1, FraudScore=7.36(閾値=3.5). 異常の可能性: Fraud-Grade(急変/破断/反転)"
支社B,交際費,2020,4,6261,23614.0,24685.186428301487,-0.7029722076599284,-0.7315179800652928,,771.0,12,True,"季節性平均との差=-17353, Z=-0.70(閾値=2.5), RobustZ=-0.73(閾値=3.5), YoY差=nan, QoQ差=771, 母数n=12。 Fraud: QoQ%=14.04% , QoQ%RobustZ=0.31, TrendBreakZ=-0.36, SignFlip=1, FraudScore=3.84(閾値=3.5). 異常の可能性: Fraud-Grade(急変/破断/反転)"
支社B,交際費,2021,1,20822,14048.666666666666,5866.928867246758,1.1544938564274658,2.315723704309111,10049.0,14561.0,12,True,"季節性平均との差=6773, Z=1.15(閾値=2.5), RobustZ=2.32(閾値=3.5), YoY差=10049, QoQ差=14561, 母数n=12。 Fraud: QoQ%=232.57% , QoQ%RobustZ=3.37, TrendBreakZ=0.23, SignFlip=0, FraudScore=10.76(閾値=3.5). 異常の可能性: Fraud-Grade(急変/破断/反転)"
支社B,交際費,2021,2,8962,13538.666666666666,8083.404810680542,-0.5661805605256278,-0.16626835507420257,-13910.0,-11860.0,12,True,"季節性平均との差=-4577, Z=-0.57(閾値=2.5), RobustZ=-0.17(閾値=3.5), YoY差=-13910, QoQ差=-11860, 母数n=12。 Fraud: QoQ%=-56.96% , QoQ%RobustZ=-0.68, TrendBreakZ=-0.52, SignFlip=1, FraudScore=4.07(閾値=3.5). 異常の可能性: Fraud-Grade(急変/破断/反転)"
支社B,交際費,2021,3,7476,5610.333333333333,1808.5049995323025,1.0316071380223704,-0.4772498222111,1986.0,-1486.0,12,False,"季節性平均との差=1866, Z=1.03(閾値=2.5), RobustZ=-0.48(閾値=3.5), YoY差=1986, QoQ差=-1486, 母数n=12。 Fraud: QoQ%=-16.58% , QoQ%RobustZ=-0.12, TrendBreakZ=-0.69, SignFlip=0, FraudScore=1.91(閾値=3.5). 統計的な異常は検出されませんでした。"
支社B,交際費,2021,4,12707,23614.0,24685.186428301487,-0.44184393873951705,0.6174635388878976,6446.0,5231.0,12,True,"季節性平均との差=-10907, Z=-0.44(閾値=2.5), RobustZ=0.62(閾値=3.5), YoY差=6446, QoQ差=5231, 母数n=12。 Fraud: QoQ%=69.97% , QoQ%RobustZ=1.10, TrendBreakZ=-0.66, SignFlip=1, FraudScore=5.15(閾値=3.5). 異常の可能性: Fraud-Grade(急変/破断/反転)"
支社B,交際費,2022,1,10551,14048.666666666666,5866.928867246758,-0.5961665371797932,0.16626835507420257,-10271.0,-2156.0,12,True,"季節性平均との差=-3498, Z=-0.60(閾値=2.5), RobustZ=0.17(閾値=3.5), YoY差=-10271, QoQ差=-2156, 母数n=12。 Fraud: QoQ%=-16.97% , QoQ%RobustZ=-0.12, TrendBreakZ=-0.99, SignFlip=1, FraudScore=3.80(閾値=3.5). 異常の可能性: Fraud-Grade(急変/破断/反転)"
支社B,交際費,2022,2,8782,13538.666666666666,8083.404810680542,-0.588448404858027,-0.20393771179334225,-180.0,-1769.0,12,False,"季節性平均との差=-4757, Z=-0.59(閾値=2.5), RobustZ=-0.20(閾値=3.5), YoY差=-180, QoQ差=-1769, 母数n=12。 Fraud: QoQ%=-16.77% , QoQ%RobustZ=-0.12, TrendBreakZ=-0.86, SignFlip=0, FraudScore=1.67(閾値=3.5). 統計的な異常は検出されませんでした。"
支社B,交際費,2022,3,3865,5610.333333333333,1808.5049995323025,-0.9650696756628783,-1.2329389728378408,-3611.0,-4917.0,12,True,"季節性平均との差=-1745, Z=-0.97(閾値=2.5), RobustZ=-1.23(閾値=3.5), YoY差=-3611, QoQ差=-4917, 母数n=12。 Fraud: QoQ%=-55.99% , QoQ%RobustZ=-0.67, TrendBreakZ=1.47, SignFlip=0, FraudScore=4.23(閾値=3.5). 異常の可能性: Fraud-Grade(急変/破断/反転)"
支社B,交際費,2022,4,51874,23614.0,24685.186428301487,1.1448161463994455,8.814106286768693,39167.0,48009.0,12,True,"季節性平均との差=28260, Z=1.14(閾値=2.5), RobustZ=8.81(閾値=3.5), YoY差=39167, QoQ差=48009, 母数n=12。 Fraud: QoQ%=1242.15% , QoQ%RobustZ=17.50, TrendBreakZ=2.36, SignFlip=1, FraudScore=41.71(閾値=3.5). 異常の可能性: ロバストZ超過・Fraud-Grade(急変/破断/反転)"
支社B,売上,2020,1,78068000,78068000.0,0.0,0.0,0.0,,,12,False,"季節性平均との差=0, Z=NA(分散不足)(閾値=2.5), RobustZ=0.00(閾値=3.5), YoY差=nan, QoQ差=nan, 母数n=12。 Fraud: QoQ%=nan% , QoQ%RobustZ=0.00, TrendBreakZ=0.00, SignFlip=0, FraudScore=0.00(閾値=3.5). 統計的な異常は検出されませんでした。"
支社B,売上,2020,2,78068000,78068000.0,0.0,0.0,0.0,,0.0,12,False,"季節性平均との差=0, Z=NA(分散不足)(閾値=2.5), RobustZ=0.00(閾値=3.5), YoY差=nan, QoQ差=0, 母数n=12。 Fraud: QoQ%=0.00% , QoQ%RobustZ=0.00, TrendBreakZ=0.00, SignFlip=0, FraudScore=0.00(閾値=3.5). 統計的な異常は検出されませんでした。"
支社B,売上,2020,3,78068000,78068000.0,0.0,0.0,0.0,,0.0,12,False,"季節性平均との差=0, Z=NA(分散不足)(閾値=2.5), RobustZ=0.00(閾値=3.5), YoY差=nan, QoQ差=0, 母数n=12。 Fraud: QoQ%=0.00% , QoQ%RobustZ=0.00, TrendBreakZ=0.00, SignFlip=0, FraudScore=0.00(閾値=3.5). 統計的な異常は検出されませんでした。"
支社B,売上,2020,4,78068000,78068000.0,0.0,0.0,0.0,,0.0,12,False,"季節性平均との差=0, Z=NA(分散不足)(閾値=2.5), RobustZ=0.00(閾値=3.5), YoY差=nan, QoQ差=0, 母数n=12。 Fraud: QoQ%=0.00% , QoQ%RobustZ=0.00, TrendBreakZ=0.00, SignFlip=0, FraudScore=0.00(閾値=3.5). 統計的な異常は検出されませんでした。"
支社B,売上,2021,1,78068000,78068000.0,0.0,0.0,0.0,0.0,0.0,12,False,"季節性平均との差=0, Z=NA(分散不足)(閾値=2.5), RobustZ=0.00(閾値=3.5), YoY差=0, QoQ差=0, 母数n=12。 Fraud: QoQ%=0.00% , QoQ%RobustZ=0.00, TrendBreakZ=0.00, SignFlip=0, FraudScore=0.00(閾値=3.5). 統計的な異常は検出されませんでした。"
支社B,売上,2021,2,78068000,78068000.0,0.0,0.0,0.0,0.0,0.0,12,False,"季節性平均との差=0, Z=NA(分散不足)(閾値=2.5), RobustZ=0.00(閾値=3.5), YoY差=0, QoQ差=0, 母数n=12。 Fraud: QoQ%=0.00% , QoQ%RobustZ=0.00, TrendBreakZ=0.00, SignFlip=0, FraudScore=0.00(閾値=3.5). 統計的な異常は検出されませんでした。"
支社B,売上,2021,3,78068000,78068000.0,0.0,0.0,0.0,0.0,0.0,12,False,"季節性平均との差=0, Z=NA(分散不足)(閾値=2.5), RobustZ=0.00(閾値=3.5), YoY差=0, QoQ差=0, 母数n=12。 Fraud: QoQ%=0.00% , QoQ%RobustZ=0.00, TrendBreakZ=0.00, SignFlip=0, FraudScore=0.00(閾値=3.5). 統計的な異常は検出されませんでした。"
支社B,売上,2021,4,78068000,78068000.0,0.0,0.0,0.0,0.0,0.0,12,False,"季節性平均との差=0, Z=NA(分散不足)(閾値=2.5), RobustZ=0.00(閾値=3.5), YoY差=0, QoQ差=0, 母数n=12。 Fraud: QoQ%=0.00% , QoQ%RobustZ=0.00, TrendBreakZ=0.00, SignFlip=0, FraudScore=0.00(閾値=3.5). 統計的な異常は検出されませんでした。"
支社B,売上,2022,1,78068000,78068000.0,0.0,0.0,0.0,0.0,0.0,12,False,"季節性平均との差=0, Z=NA(分散不足)(閾値=2.5), RobustZ=0.00(閾値=3.5), YoY差=0, QoQ差=0, 母数n=12。 Fraud: QoQ%=0.00% , QoQ%RobustZ=0.00, TrendBreakZ=0.00, SignFlip=0, FraudScore=0.00(閾値=3.5). 統計的な異常は検出されませんでした。"
支社B,売上,2022,2,78068000,78068000.0,0.0,0.0,0.0,0.0,0.0,12,False,"季節性平均との差=0, Z=NA(分散不足)(閾値=2.5), RobustZ=0.00(閾値=3.5), YoY差=0, QoQ差=0, 母数n=12。 Fraud: QoQ%=0.00% , QoQ%RobustZ=0.00, TrendBreakZ=0.00, SignFlip=0, FraudScore=0.00(閾値=3.5). 統計的な異常は検出されませんでした。"
支社B,売上,2022,3,78068000,78068000.0,0.0,0.0,0.0,0.0,0.0,12,False,"季節性平均との差=0, Z=NA(分散不足)(閾値=2.5), RobustZ=0.00(閾値=3.5), YoY差=0, QoQ差=0, 母数n=12。 Fraud: QoQ%=0.00% , QoQ%RobustZ=0.00, TrendBreakZ=0.00, SignFlip=0, FraudScore=0.00(閾値=3.5). 統計的な異常は検出されませんでした。"
支社B,売上,2022,4,78068000,78068000.0,0.0,0.0,0.0,0.0,0.0,12,False,"季節性平均との差=0, Z=NA(分散不足)(閾値=2.5), RobustZ=0.00(閾値=3.5), YoY差=0, QoQ差=0, 母数n=12。 Fraud: QoQ%=0.00% , QoQ%RobustZ=0.00, TrendBreakZ=0.00, SignFlip=0, FraudScore=0.00(閾値=3.5). 統計的な異常は検出されませんでした。"
支社B,売上原価,2020,1,50000000,50000000.0,0.0,0.0,0.0,,,12,False,"季節性平均との差=0, Z=NA(分散不足)(閾値=2.5), RobustZ=0.00(閾値=3.5), YoY差=nan, QoQ差=nan, 母数n=12。 Fraud: QoQ%=nan% , QoQ%RobustZ=0.00, TrendBreakZ=0.00, SignFlip=0, FraudScore=0.00(閾値=3.5). 統計的な異常は検出されませんでした。"
支社B,売上原価,2020,2,50000000,50000000.0,0.0,0.0,0.0,,0.0,12,False,"季節性平均との差=0, Z=NA(分散不足)(閾値=2.5), RobustZ=0.00(閾値=3.5), YoY差=nan, QoQ差=0, 母数n=12。 Fraud: QoQ%=0.00% , QoQ%RobustZ=0.00, TrendBreakZ=0.00, SignFlip=0, FraudScore=0.00(閾値=3.5). 統計的な異常は検出されませんでした。"
支社B,売上原価,2020,3,50000000,50000000.0,0.0,0.0,0.0,,0.0,12,False,"季節性平均との差=0, Z=NA(分散不足)(閾値=2.5), RobustZ=0.00(閾値=3.5), YoY差=nan, QoQ差=0, 母数n=12。 Fraud: QoQ%=0.00% , QoQ%RobustZ=0.00, TrendBreakZ=0.00, SignFlip=0, FraudScore=0.00(閾値=3.5). 統計的な異常は検出されませんでした。"
支社B,売上原価,2020,4,50000000,50000000.0,0.0,0.0,0.0,,0.0,12,False,"季節性平均との差=0, Z=NA(分散不足)(閾値=2.5), RobustZ=0.00(閾値=3.5), YoY差=nan, QoQ差=0, 母数n=12。 Fraud: QoQ%=0.00% , QoQ%RobustZ=0.00, TrendBreakZ=0.00, SignFlip=0, FraudScore=0.00(閾値=3.5). 統計的な異常は検出されませんでした。"
支社B,売上原価,2021,1,50000000,50000000.0,0.0,0.0,0.0,0.0,0.0,12,False,"季節性平均との差=0, Z=NA(分散不足)(閾値=2.5), RobustZ=0.00(閾値=3.5), YoY差=0, QoQ差=0, 母数n=12。 Fraud: QoQ%=0.00% , QoQ%RobustZ=0.00, TrendBreakZ=0.00, SignFlip=0, FraudScore=0.00(閾値=3.5). 統計的な異常は検出されませんでした。"
支社B,売上原価,2021,2,50000000,50000000.0,0.0,0.0,0.0,0.0,0.0,12,False,"季節性平均との差=0, Z=NA(分散不足)(閾値=2.5), RobustZ=0.00(閾値=3.5), YoY差=0, QoQ差=0, 母数n=12。 Fraud: QoQ%=0.00% , QoQ%RobustZ=0.00, TrendBreakZ=0.00, SignFlip=0, FraudScore=0.00(閾値=3.5). 統計的な異常は検出されませんでした。"
支社B,売上原価,2021,3,50000000,50000000.0,0.0,0.0,0.0,0.0,0.0,12,False,"季節性平均との差=0, Z=NA(分散不足)(閾値=2.5), RobustZ=0.00(閾値=3.5), YoY差=0, QoQ差=0, 母数n=12。 Fraud: QoQ%=0.00% , QoQ%RobustZ=0.00, TrendBreakZ=0.00, SignFlip=0, FraudScore=0.00(閾値=3.5). 統計的な異常は検出されませんでした。"
支社B,売上原価,2021,4,50000000,50000000.0,0.0,0.0,0.0,0.0,0.0,12,False,"季節性平均との差=0, Z=NA(分散不足)(閾値=2.5), RobustZ=0.00(閾値=3.5), YoY差=0, QoQ差=0, 母数n=12。 Fraud: QoQ%=0.00% , QoQ%RobustZ=0.00, TrendBreakZ=0.00, SignFlip=0, FraudScore=0.00(閾値=3.5). 統計的な異常は検出されませんでした。"
支社B,売上原価,2022,1,50000000,50000000.0,0.0,0.0,0.0,0.0,0.0,12,False,"季節性平均との差=0, Z=NA(分散不足)(閾値=2.5), RobustZ=0.00(閾値=3.5), YoY差=0, QoQ差=0, 母数n=12。 Fraud: QoQ%=0.00% , QoQ%RobustZ=0.00, TrendBreakZ=0.00, SignFlip=0, FraudScore=0.00(閾値=3.5). 統計的な異常は検出されませんでした。"
支社B,売上原価,2022,2,50000000,50000000.0,0.0,0.0,0.0,0.0,0.0,12,False,"季節性平均との差=0, Z=NA(分散不足)(閾値=2.5), RobustZ=0.00(閾値=3.5), YoY差=0, QoQ差=0, 母数n=12。 Fraud: QoQ%=0.00% , QoQ%RobustZ=0.00, TrendBreakZ=0.00, SignFlip=0, FraudScore=0.00(閾値=3.5). 統計的な異常は検出されませんでした。"
支社B,売上原価,2022,3,50000000,50000000.0,0.0,0.0,0.0,0.0,0.0,12,False,"季節性平均との差=0, Z=NA(分散不足)(閾値=2.5), RobustZ=0.00(閾値=3.5), YoY差=0, QoQ差=0, 母数n=12。 Fraud: QoQ%=0.00% , QoQ%RobustZ=0.00, TrendBreakZ=0.00, SignFlip=0, FraudScore=0.00(閾値=3.5). 統計的な異常は検出されませんでした。"
支社B,売上原価,2022,4,50000000,50000000.0,0.0,0.0,0.0,0.0,0.0,12,False,"季節性平均との差=0, Z=NA(分散不足)(閾値=2.5), RobustZ=0.00(閾値=3.5), YoY差=0, QoQ差=0, 母数n=12。 Fraud: QoQ%=0.00% , QoQ%RobustZ=0.00, TrendBreakZ=0.00, SignFlip=0, FraudScore=0.00(閾値=3.5). 統計的な異常は検出されませんでした。"
支社C,交際費,2020,1,10773,14048.666666666666,5866.928867246758,-0.5583273192476724,0.42790152970632656,,,12,False,"季節性平均との差=-3276, Z=-0.56(閾値=2.5), RobustZ=0.43(閾値=3.5), YoY差=nan, QoQ差=nan, 母数n=12。 Fraud: QoQ%=nan% , QoQ%RobustZ=0.28, TrendBreakZ=0.67, SignFlip=0, FraudScore=1.85(閾値=3.5). 統計的な異常は検出されませんでした。"
支社C,交際費,2020,2,22872,13538.666666666666,8083.404810680542,1.154628965383655,3.1513000609619,,12099.0,12,True,"季節性平均との差=9333, Z=1.15(閾値=2.5), RobustZ=3.15(閾値=3.5), YoY差=nan, QoQ差=12099, 母数n=12。 Fraud: QoQ%=112.31% , QoQ%RobustZ=2.19, TrendBreakZ=1.85, SignFlip=0, FraudScore=8.60(閾値=3.5). 異常の可能性: Fraud-Grade(急変/破断/反転)"
支社C,交際費,2020,3,5490,5610.333333333333,1808.5049995323025,-0.06653746235949165,-0.7612640575837961,,-17382.0,12,True,"季節性平均との差=-120, Z=-0.07(閾値=2.5), RobustZ=-0.76(閾値=3.5), YoY差=nan, QoQ差=-17382, 母数n=12。 Fraud: QoQ%=-76.00% , QoQ%RobustZ=-1.01, TrendBreakZ=0.67, SignFlip=1, FraudScore=7.96(閾値=3.5). 異常の可能性: Fraud-Grade(急変/破断/反転)"
支社C,交際費,2020,4,6261,6817.333333333333,5632.145446748808,-0.09877822556135868,-0.5877174613693943,,771.0,12,True,"季節性平均との差=-556, Z=-0.10(閾値=2.5), RobustZ=-0.59(閾値=3.5), YoY差=nan, QoQ差=771, 母数n=12。 Fraud: QoQ%=14.04% , QoQ%RobustZ=0.52, TrendBreakZ=0.22, SignFlip=1, FraudScore=3.56(閾値=3.5). 異常の可能性: Fraud-Grade(急変/破断/反転)"
支社C,交際費,2021,1,20822,14048.666666666666,5866.928867246758,1.1544938564274658,2.689859694892479,10049.0,14561.0,12,True,"季節性平均との差=6773, Z=1.15(閾値=2.5), RobustZ=2.69(閾値=3.5), YoY差=10049, QoQ差=14561, 母数n=12。 Fraud: QoQ%=232.57% , QoQ%RobustZ=4.22, TrendBreakZ=1.53, SignFlip=0, FraudScore=13.91(閾値=3.5). 異常の可能性: Fraud-Grade(急変/破断/反転)"
支社C,交際費,2021,2,8962,13538.666666666666,8083.404810680542,-0.5661805605256278,0.02025835753475507,-13910.0,-11860.0,12,False,"季節性平均との差=-4577, Z=-0.57(閾値=2.5), RobustZ=0.02(閾値=3.5), YoY差=-13910, QoQ差=-11860, 母数n=12。 Fraud: QoQ%=-56.96% , QoQ%RobustZ=-0.68, TrendBreakZ=-0.14, SignFlip=1, FraudScore=3.49(閾値=3.5). 統計的な異常は検出されませんでした。"
支社C,交際費,2021,3,7476,5610.333333333333,1808.5049995323025,1.0316071380223704,-0.3142296346502009,1986.0,-1486.0,12,False,"季節性平均との差=1866, Z=1.03(閾値=2.5), RobustZ=-0.31(閾値=3.5), YoY差=1986, QoQ差=-1486, 母数n=12。 Fraud: QoQ%=-16.58% , QoQ%RobustZ=0.00, TrendBreakZ=-0.52, SignFlip=0, FraudScore=1.39(閾値=3.5). 統計的な異常は検出されませんでした。"
支社C,交際費,2021,4,12707,6817.333333333333,5632.145446748808,1.0457234676115323,0.8632311238420632,6446.0,5231.0,12,True,"季節性平均との差=5890, Z=1.05(閾値=2.5), RobustZ=0.86(閾値=3.5), YoY差=6446, QoQ差=5231, 母数n=12。 Fraud: QoQ%=69.97% , QoQ%RobustZ=1.47, TrendBreakZ=-0.45, SignFlip=1, FraudScore=5.95(閾値=3.5). 異常の可能性: Fraud-Grade(急変/破断/反転)"
支社C,交際費,2022,1,10551,14048.666666666666,5866.928867246758,-0.5961665371797932,0.37793091445393073,-10271.0,-2156.0,12,True,"季節性平均との差=-3498, Z=-0.60(閾値=2.5), RobustZ=0.38(閾値=3.5), YoY差=-10271, QoQ差=-2156, 母数n=12。 Fraud: QoQ%=-16.97% , QoQ%RobustZ=-0.00, TrendBreakZ=-1.17, SignFlip=1, FraudScore=4.02(閾値=3.5). 異常の可能性: Fraud-Grade(急変/破断/反転)"
支社C,交際費,2022,2,8782,13538.666666666666,8083.404810680542,-0.588448404858027,-0.02025835753475507,-180.0,-1769.0,12,False,"季節性平均との差=-4757, Z=-0.59(閾値=2.5), RobustZ=-0.02(閾値=3.5), YoY差=-180, QoQ差=-1769, 母数n=12。 Fraud: QoQ%=-16.77% , QoQ%RobustZ=-0.00, TrendBreakZ=-0.89, SignFlip=0, FraudScore=1.38(閾値=3.5). 統計的な異常は検出されませんでした。"
支社C,交際費,2022,3,3865,5610.333333333333,1808.5049995323025,-0.9650696756628783,-1.1270399575168737,-3611.0,-4917.0,12,True,"季節性平均との差=-1745, Z=-0.97(閾値=2.5), RobustZ=-1.13(閾値=3.5), YoY差=-3611, QoQ差=-4917, 母数n=12。 Fraud: QoQ%=-55.99% , QoQ%RobustZ=-0.67, TrendBreakZ=-0.95, SignFlip=0, FraudScore=3.52(閾値=3.5). 異常の可能性: Fraud-Grade(急変/破断/反転)"
支社C,交際費,2022,4,1484,6817.333333333333,5632.145446748808,-0.9469452420501735,-1.662986060741894,-11223.0,-2381.0,12,True,"季節性平均との差=-5333, Z=-0.95(閾値=2.5), RobustZ=-1.66(閾値=3.5), YoY差=-11223, QoQ差=-2381, 母数n=12。 Fraud: QoQ%=-61.60% , QoQ%RobustZ=-0.76, TrendBreakZ=-0.84, SignFlip=0, FraudScore=3.96(閾値=3.5). 異常の可能性: Fraud-Grade(急変/破断/反転)"
支社C,売上,2020,1,50000000,50000000.0,0.0,0.0,-3.173249520112148,,,12,True,"季節性平均との差=0, Z=NA(分散不足)(閾値=2.5), RobustZ=-3.17(閾値=3.5), YoY差=nan, QoQ差=nan, 母数n=12。 Fraud: QoQ%=nan% , QoQ%RobustZ=-0.67, TrendBreakZ=0.34, SignFlip=0, FraudScore=3.96(閾値=3.5). 異常の可能性: Fraud-Grade(急変/破断/反転)"
支社C,売上,2020,2,78068000,78068000.0,0.0,0.0,0.0,,28068000.0,12,True,"季節性平均との差=0, Z=NA(分散不足)(閾値=2.5), RobustZ=0.00(閾値=3.5), YoY差=nan, QoQ差=28068000, 母数n=12。 Fraud: QoQ%=56.14% , QoQ%RobustZ=4.28, TrendBreakZ=-0.33, SignFlip=0, FraudScore=6.82(閾値=3.5). 異常の可能性: Fraud-Grade(急変/破断/反転)"
支社C,売上,2020,3,78068000,78068000.0,0.0,0.0,0.0,,0.0,12,False,"季節性平均との差=0, Z=NA(分散不足)(閾値=2.5), RobustZ=0.00(閾値=3.5), YoY差=nan, QoQ差=0, 母数n=12。 Fraud: QoQ%=0.00% , QoQ%RobustZ=-0.67, TrendBreakZ=-1.10, SignFlip=0, FraudScore=2.33(閾値=3.5). 統計的な異常は検出されませんでした。"
支社C,売上,2020,4,90000000,90000000.0,0.0,0.0,1.3489815189531904,,11932000.0,12,False,"季節性平均との差=0, Z=NA(分散不足)(閾値=2.5), RobustZ=1.35(閾値=3.5), YoY差=nan, QoQ差=11932000, 母数n=12。 Fraud: QoQ%=15.28% , QoQ%RobustZ=0.67, TrendBreakZ=0.81, SignFlip=0, FraudScore=3.06(閾値=3.5). 統計的な異常は検出されませんでした。"
支社C,売上,2021,1,50000000,50000000.0,0.0,0.0,-3.173249520112148,0.0,-40000000.0,12,True,"季節性平均との差=0, Z=NA(分散不足)(閾値=2.5), RobustZ=-3.17(閾値=3.5), YoY差=0, QoQ差=-40000000, 母数n=12。 Fraud: QoQ%=-44.44% , QoQ%RobustZ=-4.60, TrendBreakZ=1.58, SignFlip=1, FraudScore=13.33(閾値=3.5). 異常の可能性: Fraud-Grade(急変/破断/反転)"
支社C,売上,2021,2,78068000,78068000.0,0.0,0.0,0.0,0.0,28068000.0,12,True,"季節性平均との差=0, Z=NA(分散不足)(閾値=2.5), RobustZ=0.00(閾値=3.5), YoY差=0, QoQ差=28068000, 母数n=12。 Fraud: QoQ%=56.14% , QoQ%RobustZ=4.28, TrendBreakZ=-0.33, SignFlip=1, FraudScore=8.82(閾値=3.5). 異常の可能性: Fraud-Grade(急変/破断/反転)"
支社C,売上,2021,3,78068000,78068000.0,0.0,0.0,0.0,0.0,0.0,12,False,"季節性平均との差=0, Z=NA(分散不足)(閾値=2.5), RobustZ=0.00(閾値=3.5), YoY差=0, QoQ差=0, 母数n=12。 Fraud: QoQ%=0.00% , QoQ%RobustZ=-0.67, TrendBreakZ=-1.10, SignFlip=0, FraudScore=2.33(閾値=3.5). 統計的な異常は検出されませんでした。"
支社C,売上,2021,4,90000000,90000000.0,0.0,0.0,1.3489815189531904,0.0,11932000.0,12,False,"季節性平均との差=0, Z=NA(分散不足)(閾値=2.5), RobustZ=1.35(閾値=3.5), YoY差=0, QoQ差=11932000, 母数n=12。 Fraud: QoQ%=15.28% , QoQ%RobustZ=0.67, TrendBreakZ=0.81, SignFlip=0, FraudScore=3.06(閾値=3.5). 統計的な異常は検出されませんでした。"
支社C,売上,2022,1,50000000,50000000.0,0.0,0.0,-3.173249520112148,0.0,-40000000.0,12,True,"季節性平均との差=0, Z=NA(分散不足)(閾値=2.5), RobustZ=-3.17(閾値=3.5), YoY差=0, QoQ差=-40000000, 母数n=12。 Fraud: QoQ%=-44.44% , QoQ%RobustZ=-4.60, TrendBreakZ=1.58, SignFlip=1, FraudScore=13.33(閾値=3.5). 異常の可能性: Fraud-Grade(急変/破断/反転)"
支社C,売上,2022,2,78068000,78068000.0,0.0,0.0,0.0,0.0,28068000.0,12,True,"季節性平均との差=0, Z=NA(分散不足)(閾値=2.5), RobustZ=0.00(閾値=3.5), YoY差=0, QoQ差=28068000, 母数n=12。 Fraud: QoQ%=56.14% , QoQ%RobustZ=4.28, TrendBreakZ=-0.33, SignFlip=1, FraudScore=8.82(閾値=3.5). 異常の可能性: Fraud-Grade(急変/破断/反転)"
支社C,売上,2022,3,78068000,78068000.0,0.0,0.0,0.0,0.0,0.0,12,False,"季節性平均との差=0, Z=NA(分散不足)(閾値=2.5), RobustZ=0.00(閾値=3.5), YoY差=0, QoQ差=0, 母数n=12。 Fraud: QoQ%=0.00% , QoQ%RobustZ=-0.67, TrendBreakZ=-1.10, SignFlip=0, FraudScore=2.33(閾値=3.5). 統計的な異常は検出されませんでした。"
支社C,売上,2022,4,90000000,90000000.0,0.0,0.0,1.3489815189531904,0.0,11932000.0,12,False,"季節性平均との差=0, Z=NA(分散不足)(閾値=2.5), RobustZ=1.35(閾値=3.5), YoY差=0, QoQ差=11932000, 母数n=12。 Fraud: QoQ%=15.28% , QoQ%RobustZ=0.67, TrendBreakZ=-0.81, SignFlip=0, FraudScore=3.07(閾値=3.5). 統計的な異常は検出されませんでした。"
支社C,売上原価,2020,1,50000000,50000000.0,0.0,0.0,0.0,,,12,False,"季節性平均との差=0, Z=NA(分散不足)(閾値=2.5), RobustZ=0.00(閾値=3.5), YoY差=nan, QoQ差=nan, 母数n=12。 Fraud: QoQ%=nan% , QoQ%RobustZ=0.00, TrendBreakZ=0.00, SignFlip=0, FraudScore=0.00(閾値=3.5). 統計的な異常は検出されませんでした。"
支社C,売上原価,2020,2,50000000,50000000.0,0.0,0.0,0.0,,0.0,12,False,"季節性平均との差=0, Z=NA(分散不足)(閾値=2.5), RobustZ=0.00(閾値=3.5), YoY差=nan, QoQ差=0, 母数n=12。 Fraud: QoQ%=0.00% , QoQ%RobustZ=0.00, TrendBreakZ=0.00, SignFlip=0, FraudScore=0.00(閾値=3.5). 統計的な異常は検出されませんでした。"
支社C,売上原価,2020,3,50000000,50000000.0,0.0,0.0,0.0,,0.0,12,False,"季節性平均との差=0, Z=NA(分散不足)(閾値=2.5), RobustZ=0.00(閾値=3.5), YoY差=nan, QoQ差=0, 母数n=12。 Fraud: QoQ%=0.00% , QoQ%RobustZ=0.00, TrendBreakZ=0.00, SignFlip=0, FraudScore=0.00(閾値=3.5). 統計的な異常は検出されませんでした。"
支社C,売上原価,2020,4,50000000,50000000.0,0.0,0.0,0.0,,0.0,12,False,"季節性平均との差=0, Z=NA(分散不足)(閾値=2.5), RobustZ=0.00(閾値=3.5), YoY差=nan, QoQ差=0, 母数n=12。 Fraud: QoQ%=0.00% , QoQ%RobustZ=0.00, TrendBreakZ=0.00, SignFlip=0, FraudScore=0.00(閾値=3.5). 統計的な異常は検出されませんでした。"
支社C,売上原価,2021,1,50000000,50000000.0,0.0,0.0,0.0,0.0,0.0,12,False,"季節性平均との差=0, Z=NA(分散不足)(閾値=2.5), RobustZ=0.00(閾値=3.5), YoY差=0, QoQ差=0, 母数n=12。 Fraud: QoQ%=0.00% , QoQ%RobustZ=0.00, TrendBreakZ=0.00, SignFlip=0, FraudScore=0.00(閾値=3.5). 統計的な異常は検出されませんでした。"
支社C,売上原価,2021,2,50000000,50000000.0,0.0,0.0,0.0,0.0,0.0,12,False,"季節性平均との差=0, Z=NA(分散不足)(閾値=2.5), RobustZ=0.00(閾値=3.5), YoY差=0, QoQ差=0, 母数n=12。 Fraud: QoQ%=0.00% , QoQ%RobustZ=0.00, TrendBreakZ=0.00, SignFlip=0, FraudScore=0.00(閾値=3.5). 統計的な異常は検出されませんでした。"
支社C,売上原価,2021,3,50000000,50000000.0,0.0,0.0,0.0,0.0,0.0,12,False,"季節性平均との差=0, Z=NA(分散不足)(閾値=2.5), RobustZ=0.00(閾値=3.5), YoY差=0, QoQ差=0, 母数n=12。 Fraud: QoQ%=0.00% , QoQ%RobustZ=0.00, TrendBreakZ=0.00, SignFlip=0, FraudScore=0.00(閾値=3.5). 統計的な異常は検出されませんでした。"
支社C,売上原価,2021,4,50000000,50000000.0,0.0,0.0,0.0,0.0,0.0,12,False,"季節性平均との差=0, Z=NA(分散不足)(閾値=2.5), RobustZ=0.00(閾値=3.5), YoY差=0, QoQ差=0, 母数n=12。 Fraud: QoQ%=0.00% , QoQ%RobustZ=0.00, TrendBreakZ=0.00, SignFlip=0, FraudScore=0.00(閾値=3.5). 統計的な異常は検出されませんでした。"
支社C,売上原価,2022,1,50000000,50000000.0,0.0,0.0,0.0,0.0,0.0,12,False,"季節性平均との差=0, Z=NA(分散不足)(閾値=2.5), RobustZ=0.00(閾値=3.5), YoY差=0, QoQ差=0, 母数n=12。 Fraud: QoQ%=0.00% , QoQ%RobustZ=0.00, TrendBreakZ=0.00, SignFlip=0, FraudScore=0.00(閾値=3.5). 統計的な異常は検出されませんでした。"
支社C,売上原価,2022,2,50000000,50000000.0,0.0,0.0,0.0,0.0,0.0,12,False,"季節性平均との差=0, Z=NA(分散不足)(閾値=2.5), RobustZ=0.00(閾値=3.5), YoY差=0, QoQ差=0, 母数n=12。 Fraud: QoQ%=0.00% , QoQ%RobustZ=0.00, TrendBreakZ=0.00, SignFlip=0, FraudScore=0.00(閾値=3.5). 統計的な異常は検出されませんでした。"
支社C,売上原価,2022,3,50000000,50000000.0,0.0,0.0,0.0,0.0,0.0,12,False,"季節性平均との差=0, Z=NA(分散不足)(閾値=2.5), RobustZ=0.00(閾値=3.5), YoY差=0, QoQ差=0, 母数n=12。 Fraud: QoQ%=0.00% , QoQ%RobustZ=0.00, TrendBreakZ=0.00, SignFlip=0, FraudScore=0.00(閾値=3.5). 統計的な異常は検出されませんでした。"
支社C,売上原価,2022,4,50000000,50000000.0,0.0,0.0,0.0,0.0,0.0,12,False,"季節性平均との差=0, Z=NA(分散不足)(閾値=2.5), RobustZ=0.00(閾値=3.5), YoY差=0, QoQ差=0, 母数n=12。 Fraud: QoQ%=0.00% , QoQ%RobustZ=0.00, TrendBreakZ=0.00, SignFlip=0, FraudScore=0.00(閾値=3.5). 統計的な異常は検出されませんでした。"
支社D,交際費,2020,1,95417,76470.33333333333,32154.634849945556,0.5892359454580698,2.1403867917643615,,,12,False,"季節性平均との差=18947, Z=0.59(閾値=2.5), RobustZ=2.14(閾値=3.5), YoY差=nan, QoQ差=nan, 母数n=12。 Fraud: QoQ%=nan% , QoQ%RobustZ=0.20, TrendBreakZ=0.44, SignFlip=0, FraudScore=2.83(閾値=3.5). 統計的な異常は検出されませんでした。"
支社D,交際費,2020,2,54128,50690.666666666664,16436.808398631816,0.20912413468416752,0.41758759794876366,,-41289.0,12,False,"季節性平均との差=3437, Z=0.21(閾値=2.5), RobustZ=0.42(閾値=3.5), YoY差=nan, QoQ差=-41289, 母数n=12。 Fraud: QoQ%=-43.27% , QoQ%RobustZ=-0.67, TrendBreakZ=-1.06, SignFlip=0, FraudScore=2.71(閾値=3.5). 統計的な異常は検出されませんでした。"
支社D,交際費,2020,3,20180,36140.0,14223.594798784166,-1.12207920893277,-0.9989055850213232,,-33948.0,12,False,"季節性平均との差=-15960, Z=-1.12(閾値=2.5), RobustZ=-1.00(閾値=3.5), YoY差=nan, QoQ差=-33948, 母数n=12。 Fraud: QoQ%=-62.72% , QoQ%RobustZ=-1.05, TrendBreakZ=-0.28, SignFlip=0, FraudScore=3.28(閾値=3.5). 統計的な異常は検出されませんでした。"
支社D,交際費,2020,4,21865,27201.0,19782.312731326438,-0.26973590360595884,-0.9285983205785108,,1685.0,12,True,"季節性平均との差=-5336, Z=-0.27(閾値=2.5), RobustZ=-0.93(閾値=3.5), YoY差=nan, QoQ差=1685, 母数n=12。 Fraud: QoQ%=8.35% , QoQ%RobustZ=0.37, TrendBreakZ=0.69, SignFlip=1, FraudScore=4.25(閾値=3.5). 異常の可能性: Fraud-Grade(急変/破断/反転)"
支社D,交際費,2021,1,94650,76470.33333333333,32154.634849945556,0.5653824635703321,2.108383425694547,-767.0,72785.0,12,True,"季節性平均との差=18180, Z=0.57(閾値=2.5), RobustZ=2.11(閾値=3.5), YoY差=-767, QoQ差=72785, 母数n=12。 Fraud: QoQ%=332.88% , QoQ%RobustZ=6.85, TrendBreakZ=2.42, SignFlip=0, FraudScore=18.15(閾値=3.5). 異常の可能性: Fraud-Grade(急変/破断/反転)"
支社D,交際費,2021,2,32807,50690.666666666664,16436.808398631816,-1.0880254994123606,-0.4720392181848884,-21321.0,-61843.0,12,True,"季節性平均との差=-17884, Z=-1.09(閾値=2.5), RobustZ=-0.47(閾値=3.5), YoY差=-21321, QoQ差=-61843, 母数n=12。 Fraud: QoQ%=-65.34% , QoQ%RobustZ=-1.11, TrendBreakZ=0.65, SignFlip=1, FraudScore=5.36(閾値=3.5). 異常の可能性: Fraud-Grade(急変/破断/反転)"
支社D,交際費,2021,3,40763,36140.0,14223.594798784166,0.3250233197303381,-0.14007209895223818,20583.0,7956.0,12,True,"季節性平均との差=4623, Z=0.33(閾値=2.5), RobustZ=-0.14(閾値=3.5), YoY差=20583, QoQ差=7956, 母数n=12。 Fraud: QoQ%=24.25% , QoQ%RobustZ=0.68, TrendBreakZ=-1.25, SignFlip=1, FraudScore=4.80(閾値=3.5). 異常の可能性: Fraud-Grade(急変/破断/反転)"
支社D,交際費,2021,4,49104,27201.0,19782.312731326438,1.107201180037728,0.20795929138455616,27239.0,8341.0,12,False,"季節性平均との差=21903, Z=1.11(閾値=2.5), RobustZ=0.21(閾値=3.5), YoY差=27239, QoQ差=8341, 母数n=12。 Fraud: QoQ%=20.46% , QoQ%RobustZ=0.61, TrendBreakZ=-0.76, SignFlip=0, FraudScore=2.55(閾値=3.5). 統計的な異常は検出されませんでした。"
支社D,交際費,2022,1,39344,76470.33333333333,32154.634849945556,-1.1546184090284013,-0.19928041245036923,-55306.0,-9760.0,12,False,"季節性平均との差=-37126, Z=-1.15(閾値=2.5), RobustZ=-0.20(閾値=3.5), YoY差=-55306, QoQ差=-9760, 母数n=12。 Fraud: QoQ%=-19.88% , QoQ%RobustZ=-0.20, TrendBreakZ=-0.29, SignFlip=1, FraudScore=3.38(閾値=3.5). 統計的な異常は検出されませんでした。"
支社D,交際費,2022,2,65137,50690.666666666664,16436.808398631816,0.8789013647281935,0.8769423007683019,32330.0,25793.0,12,True,"季節性平均との差=14446, Z=0.88(閾値=2.5), RobustZ=0.88(閾値=3.5), YoY差=32330, QoQ差=25793, 母数n=12。 Fraud: QoQ%=65.56% , QoQ%RobustZ=1.51, TrendBreakZ=-0.07, SignFlip=1, FraudScore=5.49(閾値=3.5). 異常の可能性: Fraud-Grade(急変/破断/反転)"
支社D,交際費,2022,3,47477,36140.0,14223.594798784166,0.797055889202432,0.14007209895223818,6714.0,-17660.0,12,True,"季節性平均との差=11337, Z=0.80(閾値=2.5), RobustZ=0.14(閾値=3.5), YoY差=6714, QoQ差=-17660, 母数n=12。 Fraud: QoQ%=-27.11% , QoQ%RobustZ=-0.34, TrendBreakZ=-0.73, SignFlip=1, FraudScore=3.91(閾値=3.5). 異常の可能性: Fraud-Grade(急変/破断/反転)"
支社D,交際費,2022,4,10634,27201.0,19782.312731326438,-0.837465276431769,-1.397216057645114,-38470.0,-36843.0,12,True,"季節性平均との差=-16567, Z=-0.84(閾値=2.5), RobustZ=-1.40(閾値=3.5), YoY差=-38470, QoQ差=-36843, 母数n=12。 Fraud: QoQ%=-77.60% , QoQ%RobustZ=-1.35, TrendBreakZ=0.25, SignFlip=0, FraudScore=6.87(閾値=3.5). 異常の可能性: Fraud-Grade(急変/破断/反転)"
支社D,売上,2020,1,695613600,1038388733.3333334,355650181.96403795,-0.9637985602605246,-0.11204380414230425,,,12,False,"季節性平均との差=-342775133, Z=-0.96(閾値=2.5), RobustZ=-0.11(閾値=3.5), YoY差=nan, QoQ差=nan, 母数n=12。 Fraud: QoQ%=nan% , QoQ%RobustZ=-0.24, TrendBreakZ=0.19, SignFlip=0, FraudScore=1.17(閾値=3.5). 統計的な異常は検出されませんでした。"
支社D,売上,2020,2,21934200,849551836.0,1021883296.8129411,-0.8098944748203454,-1.3279984846678703,,-673679400.0,12,True,"季節性平均との差=-827617636, Z=-0.81(閾値=2.5), RobustZ=-1.33(閾値=3.5), YoY差=nan, QoQ差=-673679400, 母数n=12。 Fraud: QoQ%=-96.85% , QoQ%RobustZ=-1.64, TrendBreakZ=0.09, SignFlip=0, FraudScore=7.04(閾値=3.5). 異常の可能性: Fraud-Grade(急変/破断/反転)"
支社D,売上,2020,3,266523300,995863633.3333334,1048365274.8818625,-0.6956929524544971,-0.8865284605725281,,244589100.0,12,True,"季節性平均との差=-729340333, Z=-0.70(閾値=2.5), RobustZ=-0.89(閾値=3.5), YoY差=nan, QoQ差=244589100, 母数n=12。 Fraud: QoQ%=1115.10% , QoQ%RobustZ=15.82, TrendBreakZ=-0.58, SignFlip=1, FraudScore=30.48(閾値=3.5). 異常の可能性: Fraud-Grade(急変/破断/反転)"
支社D,売上,2020,4,819765600,611374033.3333334,391211145.00569046,0.5326831030430778,0.11204380414230425,,553242300.0,12,True,"季節性平均との差=208391567, Z=0.53(閾値=2.5), RobustZ=0.11(閾値=3.5), YoY差=nan, QoQ差=553242300, 母数n=12。 Fraud: QoQ%=207.58% , QoQ%RobustZ=2.75, TrendBreakZ=-0.52, SignFlip=0, FraudScore=8.10(閾値=3.5). 異常の可能性: Fraud-Grade(急変/破断/反転)"
支社D,売上,2021,1,1013904000,1038388733.3333334,355650181.96403795,-0.06884499031638111,0.46245305838066236,318290400.0,194138400.0,12,False,"季節性平均との差=-24484733, Z=-0.07(閾値=2.5), RobustZ=0.46(閾値=3.5), YoY差=318290400, QoQ差=194138400, 母数n=12。 Fraud: QoQ%=23.68% , QoQ%RobustZ=0.10, TrendBreakZ=-0.18, SignFlip=0, FraudScore=0.76(閾値=3.5). 統計的な異常は検出されませんでした。"
支社D,売上,2021,2,534984200,849551836.0,1021883296.8129411,-0.307831272887106,-0.4019711356890509,513050000.0,-478919800.0,12,True,"季節性平均との差=-314567636, Z=-0.31(閾値=2.5), RobustZ=-0.40(閾値=3.5), YoY差=513050000, QoQ差=-478919800, 母数n=12。 Fraud: QoQ%=-47.24% , QoQ%RobustZ=-0.93, TrendBreakZ=-0.40, SignFlip=1, FraudScore=4.35(閾値=3.5). 異常の可能性: Fraud-Grade(急変/破断/反転)"
支社D,売上,2021,3,523804000,995863633.3333334,1048365274.8818625,-0.4502816381308781,-0.42215078868009076,257280700.0,-11180200.0,12,False,"季節性平均との差=-472059633, Z=-0.45(閾値=2.5), RobustZ=-0.42(閾値=3.5), YoY差=257280700, QoQ差=-11180200, 母数n=12。 Fraud: QoQ%=-2.09% , QoQ%RobustZ=-0.28, TrendBreakZ=-0.54, SignFlip=0, FraudScore=1.63(閾値=3.5). 統計的な異常は検出されませんでした。"
支社D,売上,2021,4,854274600,611374033.3333334,391211145.00569046,0.6208937801685928,0.17433067245126063,34509000.0,330470600.0,12,True,"季節性平均との差=242900567, Z=0.62(閾値=2.5), RobustZ=0.17(閾値=3.5), YoY差=34509000, QoQ差=330470600, 母数n=12。 Fraud: QoQ%=63.09% , QoQ%RobustZ=0.66, TrendBreakZ=-0.68, SignFlip=1, FraudScore=4.26(閾値=3.5). 異常の可能性: Fraud-Grade(急変/破断/反転)"
支社D,売上,2022,1,1405648600,1038388733.3333334,355650181.96403795,1.0326435505769054,1.1695307572692073,391744600.0,551374000.0,12,True,"季節性平均との差=367259867, Z=1.03(閾値=2.5), RobustZ=1.17(閾値=3.5), YoY差=391744600, QoQ差=551374000, 母数n=12。 Fraud: QoQ%=64.54% , QoQ%RobustZ=0.68, TrendBreakZ=-0.88, SignFlip=0, FraudScore=3.54(閾値=3.5). 異常の可能性: Fraud-Grade(急変/破断/反転)"
支社D,売上,2022,2,1991737108,849551836.0,1021883296.8129411,1.1177257477074514,2.2273886411600397,1456752908.0,586088508.0,12,False,"季節性平均との差=1142185272, Z=1.12(閾値=2.5), RobustZ=2.23(閾値=3.5), YoY差=1456752908, QoQ差=586088508, 母数n=12。 Fraud: QoQ%=41.70% , QoQ%RobustZ=0.36, TrendBreakZ=-0.50, SignFlip=0, FraudScore=3.47(閾値=3.5). 統計的な異常は検出されませんでした。"
支社D,売上,2022,3,2197263600,995863633.3333334,1048365274.8818625,1.1459745905853749,2.598352782143719,1673459600.0,205526492.0,12,True,"季節性平均との差=1201399967, Z=1.15(閾値=2.5), RobustZ=2.60(閾値=3.5), YoY差=1673459600, QoQ差=205526492, 母数n=12。 Fraud: QoQ%=10.32% , QoQ%RobustZ=-0.10, TrendBreakZ=1.55, SignFlip=0, FraudScore=4.66(閾値=3.5). 異常の可能性: Fraud-Grade(急変/破断/反転)"
支社D,売上,2022,4,160081900,611374033.3333334,391211145.00569046,-1.1535768832116708,-1.0786493990065873,-694192700.0,-2037181700.0,12,True,"季節性平均との差=-451292133, Z=-1.15(閾値=2.5), RobustZ=-1.08(閾値=3.5), YoY差=-694192700, QoQ差=-2037181700, 母数n=12。 Fraud: QoQ%=-92.71% , QoQ%RobustZ=-1.58, TrendBreakZ=2.44, SignFlip=1, FraudScore=11.74(閾値=3.5). 異常の可能性: Fraud-Grade(急変/破断/反転)"
支社D,売上原価,2020,1,89752584,493100679.6666667,523141442.8428719,-0.7710115518181462,-0.4088518892963942,,,12,False,"季節性平均との差=-403348096, Z=-0.77(閾値=2.5), RobustZ=-0.41(閾値=3.5), YoY差=nan, QoQ差=nan, 母数n=12。 Fraud: QoQ%=nan% , QoQ%RobustZ=-0.30, TrendBreakZ=-0.83, SignFlip=0, FraudScore=2.16(閾値=3.5). 統計的な異常は検出されませんでした。"
支社D,売上原価,2020,2,226721833,490349781.0,254454250.6328979,-1.0360524430002036,0.227737877485002,,136969249.0,12,False,"季節性平均との差=-263627948, Z=-1.04(閾値=2.5), RobustZ=0.23(閾値=3.5), YoY差=nan, QoQ差=136969249, 母数n=12。 Fraud: QoQ%=152.61% , QoQ%RobustZ=0.35, TrendBreakZ=-0.53, SignFlip=0, FraudScore=1.86(閾値=3.5). 統計的な異常は検出されませんでした。"
支社D,売上原価,2020,3,15091494,48000231.666666664,70302490.90797712,-0.46810201518667044,-0.7558530316531347,,-211630339.0,12,True,"季節性平均との差=-32908738, Z=-0.47(閾値=2.5), RobustZ=-0.76(閾値=3.5), YoY差=nan, QoQ差=-211630339, 母数n=12。 Fraud: QoQ%=-93.34% , QoQ%RobustZ=-0.70, TrendBreakZ=-0.70, SignFlip=1, FraudScore=7.73(閾値=3.5). 異常の可能性: Fraud-Grade(急変/破断/反転)"
支社D,売上原価,2020,4,71824262,215987334.0,235900454.71248323,-0.6111182455146462,-0.4921770619470946,,56732768.0,12,True,"季節性平均との差=-144163072, Z=-0.61(閾値=2.5), RobustZ=-0.49(閾値=3.5), YoY差=nan, QoQ差=56732768, 母数n=12。 Fraud: QoQ%=375.93% , QoQ%RobustZ=1.30, TrendBreakZ=-0.89, SignFlip=1, FraudScore=8.73(閾値=3.5). 異常の可能性: Fraud-Grade(急変/破断/反転)"
支社D,売上原価,2021,1,305339618,493100679.6666667,523141442.8428719,-0.3589107004146518,0.5931284873000557,215587034.0,233515356.0,12,True,"季節性平均との差=-187761062, Z=-0.36(閾値=2.5), RobustZ=0.59(閾値=3.5), YoY差=215587034, QoQ差=233515356, 母数n=12。 Fraud: QoQ%=325.12% , QoQ%RobustZ=1.09, TrendBreakZ=-0.85, SignFlip=0, FraudScore=6.31(閾値=3.5). 異常の可能性: Fraud-Grade(急変/破断/反転)"
支社D,売上原価,2021,2,734512295,490349781.0,254454250.6328979,0.9595536855552638,2.5877874078609584,507790462.0,429172677.0,12,True,"季節性平均との差=244162514, Z=0.96(閾値=2.5), RobustZ=2.59(閾値=3.5), YoY差=507790462, QoQ差=429172677, 母数n=12。 Fraud: QoQ%=140.56% , QoQ%RobustZ=0.30, TrendBreakZ=0.92, SignFlip=0, FraudScore=4.10(閾値=3.5). 異常の可能性: Fraud-Grade(急変/破断/反転)"
支社D,売上原価,2021,3,128721244,48000231.666666664,70302490.90797712,1.1481956228121932,-0.227737877485002,113629750.0,-605791051.0,12,True,"季節性平均との差=80721012, Z=1.15(閾値=2.5), RobustZ=-0.23(閾値=3.5), YoY差=113629750, QoQ差=-605791051, 母数n=12。 Fraud: QoQ%=-82.48% , QoQ%RobustZ=-0.65, TrendBreakZ=-0.07, SignFlip=1, FraudScore=6.82(閾値=3.5). 異常の可能性: Fraud-Grade(急変/破断/反転)"
支社D,売上原価,2021,4,87914477,215987334.0,235900454.71248323,-0.5429105982694943,-0.41739482951832135,16090215.0,-40806767.0,12,False,"季節性平均との差=-128072857, Z=-0.54(閾値=2.5), RobustZ=-0.42(閾値=3.5), YoY差=16090215, QoQ差=-40806767, 母数n=12。 Fraud: QoQ%=-31.70% , QoQ%RobustZ=-0.43, TrendBreakZ=0.93, SignFlip=0, FraudScore=2.37(閾値=3.5). 統計的な異常は検出されませんでした。"
支社D,売上原価,2022,1,1084209837,493100679.6666667,523141442.8428719,1.1299222522327979,4.213071026856398,778870219.0,996295360.0,12,True,"季節性平均との差=591109157, Z=1.13(閾値=2.5), RobustZ=4.21(閾値=3.5), YoY差=778870219, QoQ差=996295360, 母数n=12。 Fraud: QoQ%=1133.26% , QoQ%RobustZ=4.53, TrendBreakZ=2.05, SignFlip=1, FraudScore=18.20(閾値=3.5). 異常の可能性: ロバストZ超過・Fraud-Grade(急変/破断/反転)"
支社D,売上原価,2022,2,509815215,490349781.0,254454250.6328979,0.07649875744493989,1.5434664175804267,-224697080.0,-574394622.0,12,True,"季節性平均との差=19465434, Z=0.08(閾値=2.5), RobustZ=1.54(閾値=3.5), YoY差=-224697080, QoQ差=-574394622, 母数n=12。 Fraud: QoQ%=-52.98% , QoQ%RobustZ=-0.53, TrendBreakZ=-1.13, SignFlip=1, FraudScore=5.42(閾値=3.5). 異常の可能性: Fraud-Grade(急変/破断/反転)"
支社D,売上原価,2022,3,187957,48000231.666666664,70302490.90797712,-0.6800936076255226,-0.825119959903927,-128533287.0,-509627258.0,12,True,"季節性平均との差=-47812275, Z=-0.68(閾値=2.5), RobustZ=-0.83(閾値=3.5), YoY差=-128533287, QoQ差=-509627258, 母数n=12。 Fraud: QoQ%=-99.96% , QoQ%RobustZ=-0.73, TrendBreakZ=0.84, SignFlip=0, FraudScore=6.10(閾値=3.5). 異常の可能性: Fraud-Grade(急変/破断/反転)"
支社D,売上原価,2022,4,488223263,215987334.0,235900454.71248323,1.1540288437841404,1.443113850939464,400308786.0,488035306.0,12,True,"季節性平均との差=272235929, Z=1.15(閾値=2.5), RobustZ=1.44(閾値=3.5), YoY差=400308786, QoQ差=488035306, 母数n=12。 Fraud: QoQ%=259652.64% , QoQ%RobustZ=1106.83, TrendBreakZ=0.28, SignFlip=1, FraudScore=1667.31(閾値=3.5). 異常の可能性: Fraud-Grade(急変/破断/反転)"
本社,交際費,2020,1,477087,382353.3333333333,160772.89155928412,0.5892390548423654,2.14039513684026,,,12,False,"季節性平均との差=94734, Z=0.59(閾値=2.5), RobustZ=2.14(閾値=3.5), YoY差=nan, QoQ差=nan, 母数n=12。 Fraud: QoQ%=nan% , QoQ%RobustZ=0.20, TrendBreakZ=0.44, SignFlip=0, FraudScore=2.83(閾値=3.5). 統計的な異常は検出されませんでした。"
本社,交際費,2020,2,270641,253455.0,82183.93743305319,0.20911628886118616,0.4175875979487637,,-206446.0,12,False,"季節性平均との差=17186, Z=0.21(閾値=2.5), RobustZ=0.42(閾値=3.5), YoY差=nan, QoQ差=-206446, 母数n=12。 Fraud: QoQ%=-43.27% , QoQ%RobustZ=-0.67, TrendBreakZ=-1.06, SignFlip=0, FraudScore=2.71(閾値=3.5). 統計的な異常は検出されませんでした。"
本社,交際費,2020,3,100899,180700.33333333334,71118.86006772981,-1.1220839768429192,-0.9989222751731197,,-169742.0,12,False,"季節性平均との差=-79801, Z=-1.12(閾値=2.5), RobustZ=-1.00(閾値=3.5), YoY差=nan, QoQ差=-169742, 母数n=12。 Fraud: QoQ%=-62.72% , QoQ%RobustZ=-1.05, TrendBreakZ=-0.28, SignFlip=0, FraudScore=3.28(閾値=3.5). 統計的な異常は検出されませんでした。"
本社,交際費,2020,4,109327,136006.66666666666,98911.98239006907,-0.26973139170796095,-0.9285899755026126,,8428.0,12,True,"季節性平均との差=-26680, Z=-0.27(閾値=2.5), RobustZ=-0.93(閾値=3.5), YoY差=nan, QoQ差=8428, 母数n=12。 Fraud: QoQ%=8.35% , QoQ%RobustZ=0.37, TrendBreakZ=0.69, SignFlip=1, FraudScore=4.25(閾値=3.5). 異常の可能性: Fraud-Grade(急変/破断/反転)"
本社,交際費,2021,1,473251,382353.3333333333,160772.89155928412,0.5653793110584733,2.1083834256945475,-3836.0,363924.0,12,True,"季節性平均との差=90898, Z=0.57(閾値=2.5), RobustZ=2.11(閾値=3.5), YoY差=-3836, QoQ差=363924, 母数n=12。 Fraud: QoQ%=332.88% , QoQ%RobustZ=6.85, TrendBreakZ=2.42, SignFlip=0, FraudScore=18.15(閾値=3.5). 異常の可能性: Fraud-Grade(急変/破断/反転)"
本社,交際費,2021,2,164037,253455.0,82183.93743305319,-1.0880228277312665,-0.4720308731089902,-106604.0,-309214.0,12,True,"季節性平均との差=-89418, Z=-1.09(閾値=2.5), RobustZ=-0.47(閾値=3.5), YoY差=-106604, QoQ差=-309214, 母数n=12。 Fraud: QoQ%=-65.34% , QoQ%RobustZ=-1.11, TrendBreakZ=0.65, SignFlip=1, FraudScore=5.36(閾値=3.5). 異常の可能性: Fraud-Grade(急変/破断/反転)"
本社,交際費,2021,3,203817,180700.33333333334,71118.86006772981,0.3250427051931313,-0.14006375387633993,102918.0,39780.0,12,True,"季節性平均との差=23117, Z=0.33(閾値=2.5), RobustZ=-0.14(閾値=3.5), YoY差=102918, QoQ差=39780, 母数n=12。 Fraud: QoQ%=24.25% , QoQ%RobustZ=0.68, TrendBreakZ=-1.25, SignFlip=1, FraudScore=4.80(閾値=3.5). 異常の可能性: Fraud-Grade(急変/破断/反転)"
本社,交際費,2021,4,245522,136006.66666666666,98911.98239006907,1.1071998628179236,0.20796763646045444,136195.0,41705.0,12,False,"季節性平均との差=109515, Z=1.11(閾値=2.5), RobustZ=0.21(閾値=3.5), YoY差=136195, QoQ差=41705, 母数n=12。 Fraud: QoQ%=20.46% , QoQ%RobustZ=0.61, TrendBreakZ=-0.76, SignFlip=0, FraudScore=2.55(閾値=3.5). 統計的な異常は検出されませんでした。"
本社,交際費,2022,1,196722,382353.3333333333,160772.89155928412,-1.1546183659008382,-0.19927206737447098,-276529.0,-48800.0,12,False,"季節性平均との差=-185631, Z=-1.15(閾値=2.5), RobustZ=-0.20(閾値=3.5), YoY差=-276529, QoQ差=-48800, 母数n=12。 Fraud: QoQ%=-19.88% , QoQ%RobustZ=-0.20, TrendBreakZ=-0.29, SignFlip=1, FraudScore=3.38(閾値=3.5). 統計的な異常は検出されませんでした。"
本社,交際費,2022,2,325687,253455.0,82183.93743305319,0.8789065388700802,0.8769506458442002,161650.0,128965.0,12,True,"季節性平均との差=72232, Z=0.88(閾値=2.5), RobustZ=0.88(閾値=3.5), YoY差=161650, QoQ差=128965, 母数n=12。 Fraud: QoQ%=65.56% , QoQ%RobustZ=1.51, TrendBreakZ=-0.07, SignFlip=1, FraudScore=5.49(閾値=3.5). 異常の可能性: Fraud-Grade(急変/破断/反転)"
本社,交際費,2022,3,237385,180700.33333333334,71118.86006772981,0.7970412716497874,0.14006375387633993,33568.0,-88302.0,12,True,"季節性平均との差=56685, Z=0.80(閾値=2.5), RobustZ=0.14(閾値=3.5), YoY差=33568, QoQ差=-88302, 母数n=12。 Fraud: QoQ%=-27.11% , QoQ%RobustZ=-0.34, TrendBreakZ=-0.73, SignFlip=1, FraudScore=3.91(閾値=3.5). 異常の可能性: Fraud-Grade(急変/破断/反転)"
本社,交際費,2022,4,53171,136006.66666666666,98911.98239006907,-0.8374684711099623,-1.397216057645114,-192351.0,-184214.0,12,True,"季節性平均との差=-82836, Z=-0.84(閾値=2.5), RobustZ=-1.40(閾値=3.5), YoY差=-192351, QoQ差=-184214, 母数n=12。 Fraud: QoQ%=-77.60% , QoQ%RobustZ=-1.35, TrendBreakZ=0.25, SignFlip=0, FraudScore=6.87(閾値=3.5). 異常の可能性: Fraud-Grade(急変/破断/反転)"
本社,売上,2020,1,3478068000,5191943666.666667,1778250909.8201897,-0.9637985602605247,0.12689182676376004,,,12,False,"季節性平均との差=-1713875667, Z=-0.96(閾値=2.5), RobustZ=0.13(閾値=3.5), YoY差=nan, QoQ差=nan, 母数n=12。 Fraud: QoQ%=nan% , QoQ%RobustZ=0.01, TrendBreakZ=-0.48, SignFlip=0, FraudScore=1.17(閾値=3.5). 統計的な異常は検出されませんでした。"
本社,売上,2020,2,109671000,939769333.3333334,1503152701.0780818,-0.5522381942552979,-0.937476336463069,,-3368397000.0,12,True,"季節性平均との差=-830098333, Z=-0.55(閾値=2.5), RobustZ=-0.94(閾値=3.5), YoY差=nan, QoQ差=-3368397000, 母数n=12。 Fraud: QoQ%=-96.85% , QoQ%RobustZ=-0.69, TrendBreakZ=-0.54, SignFlip=0, FraudScore=5.71(閾値=3.5). 異常の可能性: Fraud-Grade(急変/破断/反転)"
本社,売上,2020,3,1332616500,4979318166.666667,5241826374.409313,-0.695692952454497,-0.5510420012105688,,1222945500.0,12,True,"季節性平均との差=-3646701667, Z=-0.70(閾値=2.5), RobustZ=-0.55(閾値=3.5), YoY差=nan, QoQ差=1222945500, 母数n=12。 Fraud: QoQ%=1115.10% , QoQ%RobustZ=8.03, TrendBreakZ=-0.93, SignFlip=1, FraudScore=18.95(閾値=3.5). 異常の可能性: Fraud-Grade(急変/破断/反転)"
本社,売上,2020,4,4098828000,6564147339.0,7314911324.095498,-0.3370265516246489,0.32304364052107143,,2766211500.0,12,True,"季節性平均との差=-2465319339, Z=-0.34(閾値=2.5), RobustZ=0.32(閾値=3.5), YoY差=nan, QoQ差=2766211500, 母数n=12。 Fraud: QoQ%=207.58% , QoQ%RobustZ=1.50, TrendBreakZ=-0.89, SignFlip=0, FraudScore=6.75(閾値=3.5). 異常の可能性: Fraud-Grade(急変/破断/反転)"
本社,売上,2021,1,5069520000,5191943666.666667,1778250909.8201897,-0.06884499031638118,0.6297692613724667,1591452000.0,970692000.0,12,False,"季節性平均との差=-122423667, Z=-0.07(閾値=2.5), RobustZ=0.63(閾値=3.5), YoY差=1591452000, QoQ差=970692000, 母数n=12。 Fraud: QoQ%=23.68% , QoQ%RobustZ=0.18, TrendBreakZ=-0.69, SignFlip=0, FraudScore=1.64(閾値=3.5). 統計的な異常は検出されませんでした。"
本社,売上,2021,2,2674921000,939769333.3333334,1503152701.0780818,1.1543415818114766,-0.12689182676376004,2565250000.0,-2394599000.0,12,True,"季節性平均との差=1735151667, Z=1.15(閾値=2.5), RobustZ=-0.13(閾値=3.5), YoY差=2565250000, QoQ差=-2394599000, 母数n=12。 Fraud: QoQ%=-47.24% , QoQ%RobustZ=-0.33, TrendBreakZ=-0.82, SignFlip=1, FraudScore=4.17(閾値=3.5). 異常の可能性: Fraud-Grade(急変/破断/反転)"
本社,売上,2021,3,2619020000,4979318166.666667,5241826374.409313,-0.45028163813087807,-0.14455579116360454,1286403500.0,-55901000.0,12,False,"季節性平均との差=-2360298167, Z=-0.45(閾値=2.5), RobustZ=-0.14(閾値=3.5), YoY差=1286403500, QoQ差=-55901000, 母数n=12。 Fraud: QoQ%=-2.09% , QoQ%RobustZ=-0.01, TrendBreakZ=0.43, SignFlip=0, FraudScore=0.87(閾値=3.5). 統計的な異常は検出されませんでした。"
本社,売上,2021,4,14793204517,6564147339.0,7314911324.095498,1.1249701894393829,3.7023228318561263,10694376517.0,12174184517.0,12,True,"季節性平均との差=8229057178, Z=1.12(閾値=2.5), RobustZ=3.70(閾値=3.5), YoY差=10694376517, QoQ差=12174184517, 母数n=12。 Fraud: QoQ%=464.84% , QoQ%RobustZ=3.35, TrendBreakZ=1.41, SignFlip=1, FraudScore=15.24(閾値=3.5). 異常の可能性: ロバストZ超過・Fraud-Grade(急変/破断/反転)"
本社,売上,2022,1,7028243000,5191943666.666667,1778250909.8201897,1.0326435505769054,1.248699393948925,1958723000.0,-7764961517.0,12,True,"季節性平均との差=1836299333, Z=1.03(閾値=2.5), RobustZ=1.25(閾値=3.5), YoY差=1958723000, QoQ差=-7764961517, 母数n=12。 Fraud: QoQ%=-52.49% , QoQ%RobustZ=-0.37, TrendBreakZ=-1.02, SignFlip=1, FraudScore=5.30(閾値=3.5). 異常の可能性: Fraud-Grade(急変/破断/反転)"
本社,売上,2022,2,34716000,939769333.3333334,1503152701.0780818,-0.6021033875561789,-0.9611611086780624,-2640205000.0,-6993527000.0,12,True,"季節性平均との差=-905053333, Z=-0.60(閾値=2.5), RobustZ=-0.96(閾値=3.5), YoY差=-2640205000, QoQ差=-6993527000, 母数n=12。 Fraud: QoQ%=-99.51% , QoQ%RobustZ=-0.71, TrendBreakZ=1.16, SignFlip=0, FraudScore=6.52(閾値=3.5). 異常の可能性: Fraud-Grade(急変/破断/反転)"
本社,売上,2022,3,10986318000,4979318166.666667,5241826374.409313,1.1459745905853749,2.4993978768367886,8367298000.0,10951602000.0,12,True,"季節性平均との差=6006999833, Z=1.15(閾値=2.5), RobustZ=2.50(閾値=3.5), YoY差=8367298000, QoQ差=10951602000, 母数n=12。 Fraud: QoQ%=31546.27% , QoQ%RobustZ=227.00, TrendBreakZ=1.56, SignFlip=1, FraudScore=349.95(閾値=3.5). 異常の可能性: Fraud-Grade(急変/破断/反転)"
本社,売上,2022,4,800409500,6564147339.0,7314911324.095498,-0.7879436378147341,-0.7192122575807238,-13992795017.0,-10185908500.0,12,True,"季節性平均との差=-5763737839, Z=-0.79(閾値=2.5), RobustZ=-0.72(閾値=3.5), YoY差=-13992795017, QoQ差=-10185908500, 母数n=12。 Fraud: QoQ%=-92.71% , QoQ%RobustZ=-0.66, TrendBreakZ=0.82, SignFlip=1, FraudScore=7.94(閾値=3.5). 異常の可能性: Fraud-Grade(急変/破断/反転)"
本社,売上原価,2020,1,448762918,1042655720.3333334,547299183.4253674,-1.085133726340229,-0.5058451479385734,,,12,False,"季節性平均との差=-593892802, Z=-1.09(閾値=2.5), RobustZ=-0.51(閾値=3.5), YoY差=nan, QoQ差=nan, 母数n=12。 Fraud: QoQ%=nan% , QoQ%RobustZ=-0.41, TrendBreakZ=-0.78, SignFlip=0, FraudScore=2.49(閾値=3.5). 統計的な異常は検出されませんでした。"
本社,売上原価,2020,2,1133609167,2451748906.3333335,1272271252.6464634,-1.0360524428980522,-0.006883927745981397,,684846249.0,12,False,"季節性平均との差=-1318139739, Z=-1.04(閾値=2.5), RobustZ=-0.01(閾値=3.5), YoY差=nan, QoQ差=684846249, 母数n=12。 Fraud: QoQ%=152.61% , QoQ%RobustZ=0.07, TrendBreakZ=-0.66, SignFlip=0, FraudScore=1.41(閾値=3.5). 統計的な異常は検出されませんでした。"
本社,売上原価,2020,3,75457468,240001156.66666666,351512455.11398345,-0.46810201537043905,-0.7778258196711343,,-1058151699.0,12,True,"季節性平均との差=-164543689, Z=-0.47(閾値=2.5), RobustZ=-0.78(閾値=3.5), YoY差=nan, QoQ差=-1058151699, 母数n=12。 Fraud: QoQ%=-93.34% , QoQ%RobustZ=-0.70, TrendBreakZ=-0.73, SignFlip=1, FraudScore=7.77(閾値=3.5). 異常の可能性: Fraud-Grade(急変/破断/反転)"
本社,売上原価,2020,4,359121310,4438730826.666667,5364994381.928583,-0.7604126353623781,-0.5711556992820561,,283663842.0,12,True,"季節性平均との差=-4079609517, Z=-0.76(閾値=2.5), RobustZ=-0.57(閾値=3.5), YoY差=nan, QoQ差=283663842, 母数n=12。 Fraud: QoQ%=375.93% , QoQ%RobustZ=0.76, TrendBreakZ=-0.80, SignFlip=1, FraudScore=7.95(閾値=3.5). 異常の可能性: Fraud-Grade(急変/破断/反転)"
本社,売上原価,2021,1,1526698088,1042655720.3333334,547299183.4253674,0.8844200435988285,0.27951046800743595,1077935170.0,1167576778.0,12,True,"季節性平均との差=484042368, Z=0.88(閾値=2.5), RobustZ=0.28(閾値=3.5), YoY差=1077935170, QoQ差=1167576778, 母数n=12。 Fraud: QoQ%=325.12% , QoQ%RobustZ=0.60, TrendBreakZ=-0.79, SignFlip=0, FraudScore=5.52(閾値=3.5). 異常の可能性: Fraud-Grade(急変/破断/反転)"
本社,売上原価,2021,2,3672561476,2451748906.3333335,1272271252.6464634,0.959553685683963,1.8429308941344826,2538952309.0,2145863388.0,12,False,"季節性平均との差=1220812570, Z=0.96(閾値=2.5), RobustZ=1.84(閾値=3.5), YoY差=2538952309, QoQ差=2145863388, 母数n=12。 Fraud: QoQ%=140.56% , QoQ%RobustZ=0.03, TrendBreakZ=-0.07, SignFlip=0, FraudScore=2.08(閾値=3.5). 統計的な異常は検出されませんでした。"
本社,売上原価,2021,3,643606219,240001156.66666666,351512455.11398345,1.1481956228335013,-0.3638873707655652,568148751.0,-3028955257.0,12,True,"季節性平均との差=403605062, Z=1.15(閾値=2.5), RobustZ=-0.36(閾値=3.5), YoY差=568148751, QoQ差=-3028955257, 母数n=12。 Fraud: QoQ%=-82.48% , QoQ%RobustZ=-0.66, TrendBreakZ=1.27, SignFlip=1, FraudScore=8.38(閾値=3.5). 異常の可能性: Fraud-Grade(急変/破断/反転)"
本社,売上原価,2021,4,10515954855,4438730826.666667,5364994381.928583,1.1327549659332021,6.828849873218714,10156833545.0,9872348636.0,12,True,"季節性平均との差=6077224028, Z=1.13(閾値=2.5), RobustZ=6.83(閾値=3.5), YoY差=10156833545, QoQ差=9872348636, 母数n=12。 Fraud: QoQ%=1533.91% , QoQ%RobustZ=4.37, TrendBreakZ=2.36, SignFlip=1, FraudScore=20.41(閾値=3.5). 異常の可能性: ロバストZ超過・Fraud-Grade(急変/破断/反転)"
本社,売上原価,2022,1,1152506155,1042655720.3333334,547299183.4253674,0.20071368274140028,0.006883927745981397,-374191933.0,-9363448700.0,12,True,"季節性平均との差=109850435, Z=0.20(閾値=2.5), RobustZ=0.01(閾値=3.5), YoY差=-374191933, QoQ差=-9363448700, 母数n=12。 Fraud: QoQ%=-89.04% , QoQ%RobustZ=-0.68, TrendBreakZ=0.90, SignFlip=1, FraudScore=7.21(閾値=3.5). 異常の可能性: Fraud-Grade(急変/破断/反転)"
本社,売上原価,2022,2,2549076076,2451748906.3333335,1272271252.6464634,0.07649875721408886,1.0243885616458333,-1123485400.0,1396569921.0,12,False,"季節性平均との差=97327170, Z=0.08(閾値=2.5), RobustZ=1.02(閾値=3.5), YoY差=-1123485400, QoQ差=1396569921, 母数n=12。 Fraud: QoQ%=121.18% , QoQ%RobustZ=-0.03, TrendBreakZ=-0.28, SignFlip=1, FraudScore=3.24(閾値=3.5). 統計的な異常は検出されませんでした。"
本社,売上原価,2022,3,939783,240001156.66666666,351512455.11398345,-0.680093607463062,-0.8321174728528796,-642666436.0,-2548136293.0,12,True,"季節性平均との差=-239061374, Z=-0.68(閾値=2.5), RobustZ=-0.83(閾値=3.5), YoY差=-642666436, QoQ差=-2548136293, 母数n=12。 Fraud: QoQ%=-99.96% , QoQ%RobustZ=-0.72, TrendBreakZ=-0.10, SignFlip=1, FraudScore=7.20(閾値=3.5). 異常の可能性: Fraud-Grade(急変/破断/反転)"
本社,売上原価,2022,4,2441116315,4438730826.666667,5364994381.928583,-0.37234233057082416,0.9457318789832396,-8074838540.0,2440176532.0,12,True,"季節性平均との差=-1997614512, Z=-0.37(閾値=2.5), RobustZ=0.95(閾値=3.5), YoY差=-8074838540, QoQ差=2440176532, 母数n=12。 Fraud: QoQ%=259653.19% , QoQ%RobustZ=808.06, TrendBreakZ=-0.33, SignFlip=1, FraudScore=1218.42(閾値=3.5). 異常の可能性: Fraud-Grade(急変/破断/反転)"
販売子会社A,交際費,2020,1,4293782,3441181.3333333335,1446954.5628665516,0.5892380372868,2.140399550490225,,,12,False,"季節性平均との差=852601, Z=0.59(閾値=2.5), RobustZ=2.14(閾値=3.5), YoY差=nan, QoQ差=nan, 母数n=12。 Fraud: QoQ%=nan% , QoQ%RobustZ=0.20, TrendBreakZ=0.44, SignFlip=0, FraudScore=2.83(閾値=3.5). 統計的な異常は検出されませんでした。"
販売子会社A,交際費,2020,2,2435773,2281094.6666666665,739654.6413390059,0.20912237237275683,0.4175930952075054,,-1858009.0,12,False,"季節性平均との差=154678, Z=0.21(閾値=2.5), RobustZ=0.42(閾値=3.5), YoY差=nan, QoQ差=-1858009, 母数n=12。 Fraud: QoQ%=-43.27% , QoQ%RobustZ=-0.67, TrendBreakZ=-1.06, SignFlip=0, FraudScore=2.71(閾値=3.5). 統計的な異常は検出されませんでした。"
販売子会社A,交際費,2020,3,908090,1626302.0,640069.7406095683,-1.122083976842919,-0.9989243350232797,,-1527683.0,12,False,"季節性平均との差=-718212, Z=-1.12(閾値=2.5), RobustZ=-1.00(閾値=3.5), YoY差=nan, QoQ差=-1527683, 母数n=12。 Fraud: QoQ%=-62.72% , QoQ%RobustZ=-1.05, TrendBreakZ=-0.28, SignFlip=0, FraudScore=3.28(閾値=3.5). 統計的な異常は検出されませんでした。"
販売子会社A,交際費,2020,4,983941,1224060.0,890207.2737756078,-0.2697338103985501,-0.9285928175550383,,75851.0,12,True,"季節性平均との差=-240119, Z=-0.27(閾値=2.5), RobustZ=-0.93(閾値=3.5), YoY差=nan, QoQ差=75851, 母数n=12。 Fraud: QoQ%=8.35% , QoQ%RobustZ=0.37, TrendBreakZ=0.69, SignFlip=1, FraudScore=4.25(閾値=3.5). 異常の可能性: Fraud-Grade(急変/破断/反転)"
販売子会社A,交際費,2021,1,4259261,3441181.3333333335,1446954.5628665516,0.5653803427289207,2.108390555031745,-34521.0,3275320.0,12,True,"季節性平均との差=818080, Z=0.57(閾値=2.5), RobustZ=2.11(閾値=3.5), YoY差=-34521, QoQ差=3275320, 母数n=12。 Fraud: QoQ%=332.88% , QoQ%RobustZ=6.85, TrendBreakZ=2.42, SignFlip=0, FraudScore=18.15(閾値=3.5). 異常の可能性: Fraud-Grade(急変/破断/反転)"
販売子会社A,交際費,2021,2,1476332,2281094.6666666665,739654.6413390059,-1.0880248993094868,-0.4720318464708759,-959441.0,-2782929.0,12,True,"季節性平均との差=-804763, Z=-1.09(閾値=2.5), RobustZ=-0.47(閾値=3.5), YoY差=-959441, QoQ差=-2782929, 母数n=12。 Fraud: QoQ%=-65.34% , QoQ%RobustZ=-1.11, TrendBreakZ=0.65, SignFlip=1, FraudScore=5.36(閾値=3.5). 異常の可能性: Fraud-Grade(急変/破断/反転)"
販売子会社A,交際費,2021,3,1834352,1626302.0,640069.7406095683,0.3250427051931314,-0.14006404269795597,926262.0,358020.0,12,True,"季節性平均との差=208050, Z=0.33(閾値=2.5), RobustZ=-0.14(閾値=3.5), YoY差=926262, QoQ差=358020, 母数n=12。 Fraud: QoQ%=24.25% , QoQ%RobustZ=0.68, TrendBreakZ=-1.25, SignFlip=1, FraudScore=4.80(閾値=3.5). 異常の可能性: Fraud-Grade(急変/破断/反転)"
販売子会社A,交際費,2021,4,2209698,1224060.0,890207.2737756078,1.107200568941259,0.20796899253736723,1225757.0,375346.0,12,False,"季節性平均との差=985638, Z=1.11(閾値=2.5), RobustZ=0.21(閾値=3.5), YoY差=1225757, QoQ差=375346, 母数n=12。 Fraud: QoQ%=20.46% , QoQ%RobustZ=0.61, TrendBreakZ=-0.76, SignFlip=0, FraudScore=2.55(閾値=3.5). 統計的な異常は検出されませんでした。"
販売子会社A,交際費,2022,1,1770501,3441181.3333333335,1446954.5628665516,-1.154618380015721,-0.19926876935765295,-2488760.0,-439197.0,12,False,"季節性平均との差=-1670680, Z=-1.15(閾値=2.5), RobustZ=-0.20(閾値=3.5), YoY差=-2488760, QoQ差=-439197, 母数n=12。 Fraud: QoQ%=-19.88% , QoQ%RobustZ=-0.20, TrendBreakZ=-0.29, SignFlip=1, FraudScore=3.38(閾値=3.5). 統計的な異常は検出されませんでした。"
販売子会社A,交際費,2022,2,2931179,2281094.6666666665,739654.6413390059,0.8789025269367307,0.8769496724823146,1454847.0,1160678.0,12,True,"季節性平均との差=650084, Z=0.88(閾値=2.5), RobustZ=0.88(閾値=3.5), YoY差=1454847, QoQ差=1160678, 母数n=12。 Fraud: QoQ%=65.56% , QoQ%RobustZ=1.51, TrendBreakZ=-0.07, SignFlip=1, FraudScore=5.49(閾値=3.5). 異常の可能性: Fraud-Grade(急変/破断/反転)"
販売子会社A,交際費,2022,3,2136464,1626302.0,640069.7406095683,0.7970412716497876,0.14006404269795597,302112.0,-794715.0,12,True,"季節性平均との差=510162, Z=0.80(閾値=2.5), RobustZ=0.14(閾値=3.5), YoY差=302112, QoQ差=-794715, 母数n=12。 Fraud: QoQ%=-27.11% , QoQ%RobustZ=-0.34, TrendBreakZ=-0.73, SignFlip=1, FraudScore=3.91(閾値=3.5). 異常の可能性: Fraud-Grade(急変/破断/反転)"
販売子会社A,交際費,2022,4,478541,1224060.0,890207.2737756078,-0.8374667585427088,-1.3972161571082302,-1731157.0,-1657923.0,12,True,"季節性平均との差=-745519, Z=-0.84(閾値=2.5), RobustZ=-1.40(閾値=3.5), YoY差=-1731157, QoQ差=-1657923, 母数n=12。 Fraud: QoQ%=-77.60% , QoQ%RobustZ=-1.35, TrendBreakZ=0.25, SignFlip=0, FraudScore=6.87(閾値=3.5). 異常の可能性: Fraud-Grade(急変/破断/反転)"
販売子会社A,売上,2020,1,69561360,162726914.33333334,134745830.59798154,-0.6914169731254671,0.14496366577337333,,,12,False,"季節性平均との差=-93165554, Z=-0.69(閾値=2.5), RobustZ=0.14(閾値=3.5), YoY差=nan, QoQ差=nan, 母数n=12。 Fraud: QoQ%=nan% , QoQ%RobustZ=-0.07, TrendBreakZ=-0.50, SignFlip=0, FraudScore=1.18(閾値=3.5). 統計的な異常は検出されませんでした。"
販売子会社A,売上,2020,2,2193420,18795386.666666668,30063054.021561638,-0.5522381942552979,-1.0709910147521928,,-67367940.0,12,True,"季節性平均との差=-16601967, Z=-0.55(閾値=2.5), RobustZ=-1.07(閾値=3.5), YoY差=nan, QoQ差=-67367940, 母数n=12。 Fraud: QoQ%=-96.85% , QoQ%RobustZ=-0.69, TrendBreakZ=-0.55, SignFlip=0, FraudScore=5.82(閾値=3.5). 異常の可能性: Fraud-Grade(急変/破断/反転)"
販売子会社A,売上,2020,3,26652330,99586363.33333333,104836527.48818626,-0.695692952454497,-0.6295209906568505,,24458910.0,12,True,"季節性平均との差=-72934033, Z=-0.70(閾値=2.5), RobustZ=-0.63(閾値=3.5), YoY差=nan, QoQ差=24458910, 母数n=12。 Fraud: QoQ%=1115.10% , QoQ%RobustZ=6.98, TrendBreakZ=-0.85, SignFlip=1, FraudScore=17.34(閾値=3.5). 異常の可能性: Fraud-Grade(急変/破断/反転)"
販売子会社A,売上,2020,4,81976560,61137403.333333336,39121114.50056904,0.5326831030430779,0.3690512740579818,,55324230.0,12,True,"季節性平均との差=20839157, Z=0.53(閾値=2.5), RobustZ=0.37(閾値=3.5), YoY差=nan, QoQ差=55324230, 母数n=12。 Fraud: QoQ%=207.58% , QoQ%RobustZ=1.24, TrendBreakZ=-0.83, SignFlip=0, FraudScore=6.41(閾値=3.5). 異常の可能性: Fraud-Grade(急変/破断/反転)"
販売子会社A,売上,2021,1,101390400,162726914.33333334,134745830.59798154,-0.45520157515175946,0.71946052829634,31829040.0,19413840.0,12,False,"季節性平均との差=-61336514, Z=-0.46(閾値=2.5), RobustZ=0.72(閾値=3.5), YoY差=31829040, QoQ差=19413840, 母数n=12。 Fraud: QoQ%=23.68% , QoQ%RobustZ=0.07, TrendBreakZ=-0.67, SignFlip=0, FraudScore=1.72(閾値=3.5). 統計的な異常は検出されませんでした。"
販売子会社A,売上,2021,2,53498420,18795386.666666668,30063054.021561638,1.1543415818114764,-0.14496366577337333,51305000.0,-47891980.0,12,True,"季節性平均との差=34703033, Z=1.15(閾値=2.5), RobustZ=-0.14(閾値=3.5), YoY差=51305000, QoQ差=-47891980, 母数n=12。 Fraud: QoQ%=-47.24% , QoQ%RobustZ=-0.37, TrendBreakZ=-0.77, SignFlip=1, FraudScore=4.18(閾値=3.5). 異常の可能性: Fraud-Grade(急変/破断/反転)"
販売子会社A,売上,2021,3,52380400,99586363.33333333,104836527.48818626,-0.450281638130878,-0.16514331876441318,25728070.0,-1118020.0,12,False,"季節性平均との差=-47205963, Z=-0.45(閾値=2.5), RobustZ=-0.17(閾値=3.5), YoY差=25728070, QoQ差=-1118020, 母数n=12。 Fraud: QoQ%=-2.09% , QoQ%RobustZ=-0.09, TrendBreakZ=-0.84, SignFlip=0, FraudScore=1.49(閾値=3.5). 統計的な異常は検出されませんでした。"
販売子会社A,売上,2021,4,85427460,61137403.333333336,39121114.50056904,0.6208937801685929,0.43133814236693824,3450900.0,33047060.0,12,False,"季節性平均との差=24290057, Z=0.62(閾値=2.5), RobustZ=0.43(閾値=3.5), YoY差=3450900, QoQ差=33047060, 母数n=12。 Fraud: QoQ%=63.09% , QoQ%RobustZ=0.32, TrendBreakZ=-0.01, SignFlip=1, FraudScore=3.16(閾値=3.5). 統計的な異常は検出されませんでした。"
販売子会社A,売上,2022,1,317228983,162726914.33333334,134745830.59798154,1.1466185482772262,4.615229572694252,215838583.0,231801523.0,12,True,"季節性平均との差=154502069, Z=1.15(閾値=2.5), RobustZ=4.62(閾値=3.5), YoY差=215838583, QoQ差=231801523, 母数n=12。 Fraud: QoQ%=271.34% , QoQ%RobustZ=1.64, TrendBreakZ=1.73, SignFlip=0, FraudScore=11.81(閾値=3.5). 異常の可能性: ロバストZ超過・Fraud-Grade(急変/破断/反転)"
販売子会社A,売上,2022,2,694320,18795386.666666668,30063054.021561638,-0.6021033875561789,-1.0980489545018108,-52804100.0,-316534663.0,12,True,"季節性平均との差=-18101067, Z=-0.60(閾値=2.5), RobustZ=-1.10(閾値=3.5), YoY差=-52804100, QoQ差=-316534663, 母数n=12。 Fraud: QoQ%=-99.78% , QoQ%RobustZ=-0.71, TrendBreakZ=1.67, SignFlip=1, FraudScore=9.24(閾値=3.5). 異常の可能性: Fraud-Grade(急変/破断/反転)"
販売子会社A,売上,2022,3,219726360,99586363.33333333,104836527.48818626,1.145974590585375,2.8553602520593966,167345960.0,219032040.0,12,True,"季節性平均との差=120139997, Z=1.15(閾値=2.5), RobustZ=2.86(閾値=3.5), YoY差=167345960, QoQ差=219032040, 母数n=12。 Fraud: QoQ%=31546.27% , QoQ%RobustZ=199.49, TrendBreakZ=1.11, SignFlip=1, FraudScore=308.41(閾値=3.5). 異常の可能性: Fraud-Grade(急変/破断/反転)"
販売子会社A,売上,2022,4,16008190,61137403.333333336,39121114.50056904,-1.1535768832116708,-0.8216419290909098,-69419270.0,-203718170.0,12,True,"季節性平均との差=-45129213, Z=-1.15(閾値=2.5), RobustZ=-0.82(閾値=3.5), YoY差=-69419270, QoQ差=-203718170, 母数n=12。 Fraud: QoQ%=-92.71% , QoQ%RobustZ=-0.66, TrendBreakZ=0.52, SignFlip=1, FraudScore=7.85(閾値=3.5). 異常の可能性: Fraud-Grade(急変/破断/反転)"
販売子会社A,売上原価,2020,1,8975258,20853114.333333332,10945983.95992614,-1.0851337236395402,-0.5081828216209198,,,12,False,"季節性平均との差=-11877856, Z=-1.09(閾値=2.5), RobustZ=-0.51(閾値=3.5), YoY差=nan, QoQ差=nan, 母数n=12。 Fraud: QoQ%=nan% , QoQ%RobustZ=-0.49, TrendBreakZ=-0.78, SignFlip=0, FraudScore=2.63(閾値=3.5). 統計的な異常は検出されませんでした。"
販売子会社A,売上原価,2020,2,22672183,49034978.333333336,25445425.47771077,-1.036052447086261,0.2830669998678221,,13696925.0,12,False,"季節性平均との差=-26362795, Z=-1.04(閾値=2.5), RobustZ=0.28(閾値=3.5), YoY差=nan, QoQ差=13696925, 母数n=12。 Fraud: QoQ%=152.61% , QoQ%RobustZ=0.08, TrendBreakZ=-0.36, SignFlip=0, FraudScore=1.30(閾値=3.5). 統計的な異常は検出されませんでした。"
販売子会社A,売上原価,2020,3,1509149,4800023.0,7030248.852764958,-0.4681020642257518,-0.939488199540817,,-21163034.0,12,True,"季節性平均との差=-3290874, Z=-0.47(閾値=2.5), RobustZ=-0.94(閾値=3.5), YoY差=nan, QoQ差=-21163034, 母数n=12。 Fraud: QoQ%=-93.34% , QoQ%RobustZ=-0.85, TrendBreakZ=-0.59, SignFlip=1, FraudScore=7.97(閾値=3.5). 異常の可能性: Fraud-Grade(急変/破断/反転)"
販売子会社A,売上原価,2020,4,7182426,21598733.333333332,23590045.277819227,-0.6111182561776771,-0.6117519073798988,,5673277.0,12,True,"季節性平均との差=-14416307, Z=-0.61(閾値=2.5), RobustZ=-0.61(閾値=3.5), YoY差=nan, QoQ差=5673277, 母数n=12。 Fraud: QoQ%=375.93% , QoQ%RobustZ=0.93, TrendBreakZ=-0.87, SignFlip=1, FraudScore=8.22(閾値=3.5). 異常の可能性: Fraud-Grade(急変/破断/反転)"
販売子会社A,売上原価,2021,1,30533962,20853114.333333332,10945983.95992614,0.8844200486780168,0.7372296115732917,21558704.0,23351536.0,12,True,"季節性平均との差=9680848, Z=0.88(閾値=2.5), RobustZ=0.74(閾値=3.5), YoY差=21558704, QoQ差=23351536, 母数n=12。 Fraud: QoQ%=325.12% , QoQ%RobustZ=0.73, TrendBreakZ=-0.81, SignFlip=0, FraudScore=6.11(閾値=3.5). 異常の可能性: Fraud-Grade(急変/破断/反転)"
販売子会社A,売上原価,2021,2,73451230,49034978.333333336,25445425.47771077,0.959553680407285,3.2164927048430942,50779047.0,42917268.0,12,True,"季節性平均との差=24416252, Z=0.96(閾値=2.5), RobustZ=3.22(閾値=3.5), YoY差=50779047, QoQ差=42917268, 母数n=12。 Fraud: QoQ%=140.56% , QoQ%RobustZ=0.04, TrendBreakZ=1.67, SignFlip=0, FraudScore=5.12(閾値=3.5). 異常の可能性: Fraud-Grade(急変/破断/反転)"
販売子会社A,売上原価,2021,3,12872124,4800023.0,7030248.852764958,1.1481956284983124,-0.2830669998678221,11362975.0,-60579106.0,12,True,"季節性平均との差=8072101, Z=1.15(閾値=2.5), RobustZ=-0.28(閾値=3.5), YoY差=11362975, QoQ差=-60579106, 母数n=12。 Fraud: QoQ%=-82.48% , QoQ%RobustZ=-0.81, TrendBreakZ=0.28, SignFlip=1, FraudScore=7.35(閾値=3.5). 異常の可能性: Fraud-Grade(急変/破断/反転)"
販売子会社A,売上原価,2021,4,8791448,21598733.333333332,23590045.277819227,-0.5429105871778681,-0.5188012363153015,1609022.0,-4080676.0,12,False,"季節性平均との差=-12807285, Z=-0.54(閾値=2.5), RobustZ=-0.52(閾値=3.5), YoY差=1609022, QoQ差=-4080676, 母数n=12。 Fraud: QoQ%=-31.70% , QoQ%RobustZ=-0.61, TrendBreakZ=-0.85, SignFlip=0, FraudScore=2.62(閾値=3.5). 統計的な異常は検出されませんでした。"
販売子会社A,売上原価,2022,1,23050123,20853114.333333332,10945983.95992614,0.20071367496152376,0.3048999994303848,-7483839.0,14258675.0,12,True,"季節性平均との差=2197009, Z=0.20(閾値=2.5), RobustZ=0.30(閾値=3.5), YoY差=-7483839, QoQ差=14258675, 母数n=12。 Fraud: QoQ%=162.19% , QoQ%RobustZ=0.12, TrendBreakZ=-0.98, SignFlip=1, FraudScore=3.70(閾値=3.5). 異常の可能性: Fraud-Grade(急変/破断/反転)"
販売子会社A,売上原価,2022,2,50981522,49034978.333333336,25445425.47771077,0.07649876667897587,1.9184530029461975,-22469708.0,27931399.0,12,False,"季節性平均との差=1946544, Z=0.08(閾値=2.5), RobustZ=1.92(閾値=3.5), YoY差=-22469708, QoQ差=27931399, 母数n=12。 Fraud: QoQ%=121.18% , QoQ%RobustZ=-0.04, TrendBreakZ=0.95, SignFlip=0, FraudScore=2.76(閾値=3.5). 統計的な異常は検出されませんでした。"
販売子会社A,売上原価,2022,3,18796,4800023.0,7030248.852764958,-0.6800935642725606,-1.0255835490594287,-12853328.0,-50962726.0,12,True,"季節性平均との差=-4781227, Z=-0.68(閾値=2.5), RobustZ=-1.03(閾値=3.5), YoY差=-12853328, QoQ差=-50962726, 母数n=12。 Fraud: QoQ%=-99.96% , QoQ%RobustZ=-0.87, TrendBreakZ=1.56, SignFlip=1, FraudScore=9.34(閾値=3.5). 異常の可能性: Fraud-Grade(急変/破断/反転)"
販売子会社A,売上原価,2022,4,48822326,21598733.333333332,23590045.277819227,1.1540288433555455,1.7937196449436381,40030878.0,48803530.0,12,True,"季節性平均との差=27223593, Z=1.15(閾値=2.5), RobustZ=1.79(閾値=3.5), YoY差=40030878, QoQ差=48803530, 母数n=12。 Fraud: QoQ%=259648.49% , QoQ%RobustZ=981.12, TrendBreakZ=0.78, SignFlip=1, FraudScore=1479.62(閾値=3.5). 異常の可能性: Fraud-Grade(急変/破断/反転)"
